{
    "available_space": true,
    "id": "c",
    "size_max": 44.82705593109131,
    "size_mean": 9.850566482543945,
    "size_min": 2.4020776748657227,
    "total_size": 935.8038158416748
}