{
    "available_space": true,
    "size_max": 44.82705593109131,
    "size_mean": 9.850566482543945,
    "size_min": 2.4020776748657227,
    "total_size": 935.8038158416748,
    "video_list": {
        "CASTLEBEAT - VHS (Full Album).mp4": {
            "size": 44.82705593109131
        },
        "CHINO - 'She Sexy' ft.Charlie D.-nMsEStjn0ps.mp4": {
            "size": 14.261137008666992
        },
        "CHUY VEGA - AUNQUE TE ENAMORES.wmv-TOKV-RH5H20.mp4": {
            "size": 4.6300201416015625
        },
        "CHUY VEGA - CUANDO NADIE TE QUIERA.wmv-_ZyCrCUnIVk.mp4": {
            "size": 4.453987121582031
        },
        "CHUY VEGA - MANUEL DE LA VARA.wmv-X-sBrKIBlgM.mp4": {
            "size": 5.896538734436035
        },
        "CHUY VEGA Y LOS NUEVOS CADETES - PA\u00d1UELO-U94WNuyC1no.mp4": {
            "size": 6.266589164733887
        },
        "CONJUNTO PRIMAVERA - Muero.mp4": {
            "size": 11.325508117675781
        },
        "CONJUNTO PRIMAVERA HAZME OLVIDARLA.mp4": {
            "size": 6.592479705810547
        },
        "CUMBIA MORENA (AUDIO ORIGINAL) - \ud83d\udd25LA CONCENTRACION\ud83d\udd25 #LACONCECUMBIAS-VizSJmYbOD8.mp4": {
            "size": 6.961336135864258
        },
        "Cafe Tacvba - Las Flores (MTV Unplugged) (HD)-BPMB4fWRd6U.mp4": {
            "size": 24.977553367614746
        },
        "Cali Life Style - Lost (Mexican Invasion)-mKNT5-OJdFA.mp4": {
            "size": 9.121329307556152
        },
        "Carl Perkins - Guitar Boogie-Ln6M5-ErpcE.mp4": {
            "size": 6.872563362121582
        },
        "Carlos Sadness - Mira Que Eres Linda-Edyb96Jbpqo.mp4": {
            "size": 11.736361503601074
        },
        "Carlos Santana - Samba Pa Ti-j5AUm_xaE9A.mp4": {
            "size": 5.314573287963867
        },
        "Caro Emerald - A Night Like This (Official Video)-74LXx0wSqMI.mp4": {
            "size": 15.356999397277832
        },
        "Carolyn Wonderland 'Judgement Day Blues'-7b4fJRPnZT0.mp4": {
            "size": 24.865221977233887
        },
        "Cartel de Santa - Con el Coco Rapado (Video)-wyfzJMBOa5k.mp4": {
            "size": 16.21024227142334
        },
        "Casa Cumpian-EFVE8Y9STPA.mp4": {
            "size": 17.887547492980957
        },
        "Casas Viejas - Dueto de Anta\u00f1o-teP-Iwn6K1g.mp4": {
            "size": 7.88908576965332
        },
        "Cassandra Gemini - Faminepulse-D2hrg-kctA0.mp4": {
            "size": 12.016072273254395
        },
        "Cassandra Gemini - Plant A Nail In the Navel Stream-Uqbhv4pl-D8.mp4": {
            "size": 4.581682205200195
        },
        "Cassandra Gemini - Tarantism-4TApHHFY8jM.mp4": {
            "size": 10.416877746582031
        },
        "Chicano Batman - Freedom Is Free (Official Video)-mkEmnrUzFFE.mp4": {
            "size": 19.45626449584961
        },
        "Choo Choo Ch'boogie - Louis Jordan-c8uxrypkqv4.mp4": {
            "size": 7.396799087524414
        },
        "Chris Cornell  - 'Nothing Compares 2 U' (Prince Cover) [Live @ SiriusXM] _ Lithium-IuUDRU9-HRk.mp4": {
            "size": 17.71873950958252
        },
        "Chuck Berry - Johnny B Goode (1959)-T38v3-SSGcM.mp4": {
            "size": 4.9622650146484375
        },
        "Chuy Vega y Fito Gamez No Me Quisiste Seguir-LfssPKc3L6o.mp4": {
            "size": 12.485615730285645
        },
        "Chuy Vega- Olvidemonos 2012-HLDTCJ1r6QU.mp4": {
            "size": 4.618199348449707
        },
        "Chuy vega   Amor Enterno-RiytPrRiuQw.mp4": {
            "size": 4.166065216064453
        },
        "Chuy vega   Asi Fue-3SWKANelCXU.mp4": {
            "size": 4.581866264343262
        },
        "Chuy vega  Hazlo Por  Mi Corazon-1lbMrOhBut4.mp4": {
            "size": 3.261577606201172
        },
        "Chuy vega  Jam\u00e1s Me Cansare De Ti-wid8eJ3SPA4.mp4": {
            "size": 3.2169437408447266
        },
        "Chuy vega  La Baarca De Guaymas-LJBColzvaxE.mp4": {
            "size": 2.7383346557617188
        },
        "Chuy vega  Llorar\u00e1s-RMvC-KW6kIw.mp4": {
            "size": 3.69051456451416
        },
        "Chuy vega  Por Amor-nhaXwyyz8l4.mp4": {
            "size": 3.322129249572754
        },
        "Chuy vega  Por Que Fue Que Te Ame-lj7RtT8WLg4.mp4": {
            "size": 3.588794708251953
        },
        "Chuy vega  Quedate Conmigo Esta Noche-LhhpljKu268.mp4": {
            "size": 3.558835983276367
        },
        "Chuy vega Fue Un Placer Conocerte-loCwFxjI5J0.mp4": {
            "size": 2.579561233520508
        },
        "Chuy vega No Me Vuelvo a Enamorar-dC7XO_BdztU.mp4": {
            "size": 2.606046676635742
        },
        "Claptone - Dear Life ft Jaw (FULL EP)  TSTLM.mp4": {
            "size": 31.784805297851562
        },
        "Clemente, Clemente-AHiSPqhuuKA.mp4": {
            "size": 2.863239288330078
        },
        "Clifford Brown & Max Roach - Joy Spring _ Drum solo & comping _ Transcription-3cLqVsCSLkw.mp4": {
            "size": 20.299927711486816
        },
        "Coda - Eternamente-ji3IqmSd5QI.mp4": {
            "size": 15.370964050292969
        },
        "Coldplay - Lovers in Japan_Reign of love-s_7jJ0sO0Yg.mp4": {
            "size": 16.755489349365234
        },
        "Coldplay - Shiver (Official Video)-u8XFFTWwSvY.mp4": {
            "size": 24.82101058959961
        },
        "Coldplay - Violet Hill (Official Video)-IakDItZ7f7Q.mp4": {
            "size": 13.635787963867188
        },
        "Coldplay - Viva La Vida (Official Video)-dvgZkm1xWPE.mp4": {
            "size": 14.852425575256348
        },
        "Come On (feat. Sadat X) (2005 Remaster)-4cYSaOmYfXY.mp4": {
            "size": 6.5725812911987305
        },
        "Come On, Pt. III (1984 Version)-EdnQBCR1-2E.mp4": {
            "size": 8.413640975952148
        },
        "Coming Up-cEst58YBhjU.mp4": {
            "size": 7.838366508483887
        },
        "Como Un Rayo-Ys0nILRcO2k.mp4": {
            "size": 5.245270729064941
        },
        "Como pollo sin cabeza-Fd5pjfgAoZc.mp4": {
            "size": 6.639019012451172
        },
        "Con Saltos de Alegria Marcos Brunet con letra-6iRn6eX_NyM.mp4": {
            "size": 9.798636436462402
        },
        "Concerto for 2 Cellos, String Orchestra and Continuo in G Minor, RV 531 - I. Allegro-rg3qSlxeHrc.mp4": {
            "size": 7.779984474182129
        },
        "Conflict - From Protest To Resistance (1984)-X2V6TD8R_zQ.mp4": {
            "size": 4.709403991699219
        },
        "Conflict - Mighty and Superior-E3NSA1_bq1c.mp4": {
            "size": 5.722931861877441
        },
        "Conflict - Neither Is This (1985)-Zna0JbP73To.mp4": {
            "size": 4.121254920959473
        },
        "Conflict - The System Maintains (1984)-WdSmaYNk0VM.mp4": {
            "size": 4.788888931274414
        },
        "Conflict - Tough Shit Mickey (Lyrics on screen)-KIQu8DEF_IY.mp4": {
            "size": 4.916485786437988
        },
        "Conflict-the serenade is dead (with lyrics)-RR_CdJF_G4E.mp4": {
            "size": 6.589046478271484
        },
        "Conjunto Primavera   borracho y loco.mp4": {
            "size": 6.026379585266113
        },
        "Conjunto Primavera - Algo De Mi (Video Oficial).mp4": {
            "size": 15.116331100463867
        },
        "Conjunto Primavera - Ave Cautiva (Video Oficial).mp4": {
            "size": 14.027169227600098
        },
        "Conjunto Primavera - Mi Primera Vez.mp4": {
            "size": 17.141910552978516
        },
        "Conjunto Primavera - Mi destino fue quererte.mp4": {
            "size": 7.215176582336426
        },
        "Conjunto Primavera - Te Llor\u00e9.mp4": {
            "size": 13.7540864944458
        },
        "Conjunto Primavera - Vuelve Conmigo.mp4": {
            "size": 14.702933311462402
        },
        "Conjunto Primavera En cada gota de mi sangre.mp4": {
            "size": 6.5485382080078125
        },