{
    "available_space": true,
    "id": "c",
    "size_max": 44.82705593109131,
    "size_mean": 9.79505880355835,
    "size_min": 2.4020776748657227,
    "total_size": 979.505880355835
}